from,to,requires,notes
rm_start_0[100390],rm_start_1[100402],,
rm_start_1[100402],rm_start_1[100403],,
rm_start_1[100403],rm_start_1[100402],,
rm_start_1[100403],rm_start_2[100431],,
rm_start_2[100431],rm_start_2[100433],,
rm_start_2[100431],rm_start_2[100430],,
rm_start_2[100433],rm_start_2[100431],,
rm_start_2[100433],rm_start_2[100430],,
rm_start_2[100430],rm_start_2[100431],,
rm_start_2[100430],rm_start_2[100433],,
rm_start_2[100433],rm_start_2_alt[100832],,
rm_start_2[100430],rm_start_get_ability[100986],,
rm_start_get_ability[100986],rm_start_get_ability[100987],,
rm_start_get_ability[100987],rm_start_get_ability[100986],,
rm_start_get_ability[100987],rm_test_alt[100230],,
rm_test_alt[100230],rm_test_alt[100232],,
rm_test_alt[100230],rm_test_alt[100234],,
rm_test_alt[100230],rm_test_alt[100235],,
rm_test_alt[100230],rm_test_alt[100228],,
rm_test_alt[100232],rm_test_alt[100230],,
rm_test_alt[100232],rm_test_alt[100234],,
rm_test_alt[100232],rm_test_alt[100235],,
rm_test_alt[100232],rm_test_alt[100228],,
rm_test_alt[100234],rm_test_alt[100230],,
rm_test_alt[100234],rm_test_alt[100232],,
rm_test_alt[100234],rm_test_alt[100235],,
rm_test_alt[100234],rm_test_alt[100228],,
rm_test_alt[100235],rm_test_alt[100230],,
rm_test_alt[100235],rm_test_alt[100232],,
rm_test_alt[100235],rm_test_alt[100234],,
rm_test_alt[100235],rm_test_alt[100228],,
rm_test_alt[100228],rm_test_alt[100230],,
rm_test_alt[100228],rm_test_alt[100232],,
rm_test_alt[100228],rm_test_alt[100234],,
rm_test_alt[100228],rm_test_alt[100235],,
rm_test_alt[100232],rm_test_hidden[100437],,
rm_test_alt[100234],rm_test_alt_alt[100835],,
rm_test_alt[100228],rm_test_2[100258],,
rm_test_alt[100235],rm_test_hidden_2[100419],,
rm_test_alt_alt[100835],Flatlands MP UP (Bottom Left),,
rm_test_hidden[100437],rm_test_hidden[100438],Grappling_Hook,
rm_test_hidden[100437],Flatlands HP UP (Bottom),,
rm_test_hidden[100438],rm_test_hidden[100437],,
rm_test_hidden[100438],Flatlands HP UP (Bottom),,
rm_test_hidden_2[100419],rm_test_hidden_2[100418],Grappling_Hook,
rm_test_hidden_2[100419],rm_test_hidden_2[100417],,
rm_test_hidden_2[100419],Flatlands HP Overload,,
rm_test_hidden_2[100418],rm_test_hidden_2[100419],,
rm_test_hidden_2[100418],rm_test_hidden_2[100417],,
rm_test_hidden_2[100418],Flatlands HP Overload,,
rm_test_hidden_2[100417],rm_test_hidden_2[100419],,
rm_test_hidden_2[100417],rm_test_hidden_2[100418],Grappling_Hook,
rm_test_hidden_2[100417],Flatlands HP Overload,,
rm_test_hidden_2[100417],rm_test_2[100259],,
rm_test_hidden_2[100418],rm_test_hidden_3[100702],,
rm_test_2[100258],rm_test_2[100259],Grappling_Hook | damage_boost,
rm_test_2[100258],rm_test_2[100257],,
rm_test_2[100259],rm_test_2[100258],Grappling_Hook | damage_boost,
rm_test_2[100259],rm_test_2[100257],,
rm_test_2[100257],rm_test_2[100258],Grappling_Hook | damage_boost,
rm_test_2[100257],rm_test_2[100259],Grappling_Hook | damage_boost,
rm_test_2[100257],rm_test_3[100281],,
rm_test_3[100281],rm_test_3[100282],Grappling_Hook | damage_boost | precise_movement,
rm_test_3[100281],rm_test_3[100298],Grappling_Hook | damage_boost,
rm_test_3[100281],rm_test_3[100279],,
rm_test_3[100282],rm_test_3[100281],,
rm_test_3[100282],rm_test_3[100298],Grappling_Hook | damage_boost,
rm_test_3[100282],rm_test_3[100279],,
rm_test_3[100298],rm_test_3[100281],,
rm_test_3[100298],rm_test_3[100282],Grappling_Hook | damage_boost | precise_movement,
rm_test_3[100298],rm_test_3[100279],,
rm_test_3[100279],rm_test_3[100281],,
rm_test_3[100279],rm_test_3[100282],Grappling_Hook | damage_boost | precise_movement,
rm_test_3[100279],rm_test_3[100298],Grappling_Hook | damage_boost,
rm_test_3[100279],rm_test_4[100316],,
rm_test_3[100298],rm_hidden_4[100922],,
rm_test_4[100316],rm_test_4[100317],,
rm_test_4[100316],rm_test_4[100318],,
rm_test_4[100317],rm_test_4[100316],,
rm_test_4[100317],rm_test_4[100318],,
rm_test_4[100318],rm_test_4[100316],,
rm_test_4[100318],rm_test_4[100317],,
rm_test_4[100317],rm_test_6_shortcut[103539],,
rm_test_4[100318],rm_test_4_alt[100347],,
rm_hidden_4[100922],Flatlands TP UP,Grappling_Hook,
rm_test_6_shortcut[103538],rm_test_6_shortcut[103539],e_rm_test_6_shortcut_target,
rm_test_6_shortcut[103539],rm_test_6_shortcut[103538],e_rm_test_6_shortcut_target,
rm_test_6_shortcut[103539],e_rm_test_6_shortcut_target,,
rm_test_3_alt[100850],rm_test_3_alt[100851],,
rm_test_3_alt[100851],rm_test_3_alt[100850],,
rm_test_3_alt[100850],rm_test_3[100282],,
rm_test_hidden_3[100702],rm_test_hidden_3[100703],,
rm_test_hidden_3[100702],Flatlands HP UP (Top Left),Grappling_Hook,
rm_test_hidden_3[100703],rm_test_hidden_3[100702],,
rm_test_hidden_3[100703],Flatlands HP UP (Top Left),Grappling_Hook,
rm_test_hidden_3[100703],rm_test_3_alt[100851],,
rm_test_4_alt[100347],rm_test_4_alt[100349],,
rm_test_4_alt[100347],rm_test_4_alt[100351],Grappling_Hook | damage_boost | precise_movement,
rm_test_4_alt[100349],rm_test_4_alt[100347],,
rm_test_4_alt[100349],rm_test_4_alt[100351],Grappling_Hook | damage_boost | precise_movement,
rm_test_4_alt[100351],rm_test_4_alt[100347],,
rm_test_4_alt[100351],rm_test_4_alt[100349],,
rm_test_4_alt[100351],rm_4_hidden[100856],,
rm_test_4_alt[100349],rm_test_4_alt_2[100373],,
rm_test_4_alt_2[100373],rm_test_4_alt_2[100374],,
rm_test_4_alt_2[100373],rm_test_4_alt_2[100378],Grappling_Hook | damage_boost,
rm_test_4_alt_2[100383],rm_test_4_alt_2[100373],,
rm_test_4_alt_2[100383],rm_test_4_alt_2[100374],,
rm_test_4_alt_2[100383],rm_test_4_alt_2[100378],Grappling_Hook | damage_boost,
rm_test_4_alt_2[100374],rm_test_4_alt_2[100373],,
rm_test_4_alt_2[100374],rm_test_4_alt_2[100378],Grappling_Hook | damage_boost,
rm_test_4_alt_2[100378],rm_test_4_alt_2[100373],,
rm_test_4_alt_2[100378],rm_test_4_alt_2[100374],,
rm_test_4_alt_2[100378],rm_test_7_alt_2[100917],,
rm_test_4_alt_2[100374],rm_boss_test[101007],,
rm_4_hidden[100856],rm_4_hidden[100857],Grappling_Hook,
rm_4_hidden[100856],Flatlands MP UP (Top Right),Grappling_Hook,
rm_4_hidden[100857],rm_4_hidden[100856],,
rm_4_hidden[100857],Flatlands MP UP (Top Right),Grappling_Hook,
rm_4_hidden[100857],rm_4_hidden_2[102859],,
rm_4_hidden_2[102859],rm_4_hidden_2[102860],Grappling_Hook + precise_grapple,
rm_4_hidden_2[102859],rm_4_hidden_2[102861],Grappling_Hook + precise_grapple,
rm_4_hidden_2[102860],rm_4_hidden_2[102859],,
rm_4_hidden_2[102860],rm_4_hidden_2[102861],Grappling_Hook + precise_grapple,
rm_4_hidden_2[102861],rm_4_hidden_2[102859],,
rm_4_hidden_2[102861],rm_4_hidden_2[102860],,
rm_4_hidden_2[102860],rm_4_hidden_3[102877],,
rm_boss_test[101007],rm_boss_test[101006],,
rm_boss_test[101007],rm_boss_test[101008],,
rm_boss_test[101007],Flatlands Grappling Hook,,
rm_boss_test[101006],rm_boss_test[101008],,
rm_boss_test[101006],Flatlands Grappling Hook,,
rm_boss_test[101008],rm_boss_test[101006],,
rm_boss_test[101008],Flatlands Grappling Hook,,
rm_boss_test[101008],rm_test_7_alt[100899],,
rm_boss_test[101006],rm_test_4_alt_3[100388],,
rm_test_4_alt_3[100388],rm_test_4_alt_3[100386],Grappling_Hook,
rm_test_4_alt_3[100386],rm_hook_tutorial_0[103231],,
rm_hook_tutorial_0[103231],rm_hook_tutorial_0[103232],Grappling_Hook,
rm_hook_tutorial_0[103232],rm_hook_tutorial_1[103275],,
rm_hook_tutorial_1[103275],rm_hook_tutorial_1[103274],Grappling_Hook,
rm_hook_tutorial_1[103274],rm_hook_tutorial_2[103335],,
rm_hook_tutorial_2[103335],rm_hook_tutorial_2[103334],Grappling_Hook,
rm_hook_tutorial_2[103334],rm_hook_tutorial_3[103372],,
rm_hook_tutorial_3[103372],rm_hook_tutorial_3[103373],Grappling_Hook,
rm_hook_tutorial_3[103373],rm_hook_tutorial_4[104178],,
rm_hook_tutorial_4[104178],rm_hook_tutorial_4[104180],Grappling_Hook + e_rm_hook_tutorial_4_target,
rm_hook_tutorial_4[104178],e_rm_hook_tutorial_4_target,Grappling_Hook,
rm_hook_tutorial_4[104180],rm_hook_tutorial_5[103451],,
rm_hook_tutorial_5[103451],rm_hook_tutorial_5[103452],Grappling_Hook + e_rm_hook_tutorial_5_target,
rm_hook_tutorial_5[103451],e_rm_hook_tutorial_5_target,Grappling_Hook,
rm_hook_tutorial_5[103452],rm_test_5[100333],,
rm_test_5[100333],rm_test_5[100332],Grappling_Hook,
rm_test_5[100333],Flatlands Time Manipulator,Grappling_Hook,
rm_test_5[100332],rm_test_5[100333],Grappling_Hook,
rm_test_5[100332],Flatlands Time Manipulator,Grappling_Hook,
rm_test_5[100332],rm_test_6[100361],,
rm_test_6[100361],rm_test_6[100362],,
rm_test_6[100361],rm_test_6[100363],,
rm_test_6[100362],rm_test_6[100361],Grappling_Hook,
rm_test_6[100362],rm_test_6[100363],Grappling_Hook,
rm_test_6[100363],rm_test_6[100361],,
rm_test_6[100363],rm_test_6[100362],,
rm_test_6[100363],rm_test_6_shortcut[103538],,
rm_test_6[100362],rm_test_7[100444],,
rm_test_7[100444],rm_test_7[100445],precise_movement | Grappling_Hook,
rm_test_7[100444],rm_test_7[100446],Grappling_Hook,
rm_test_7[100445],rm_test_7[100444],precise_movement,
rm_test_7[100445],rm_test_7[100446],Grappling_Hook,
rm_test_7[100446],rm_test_7[100444],,
rm_test_7[100446],rm_test_7[100445],precise_movement | Grappling_Hook,
rm_test_7[100446],rm_test_7_alt[100882],,
rm_test_7[100445],rm_test_8[100456],,
rm_test_7_alt[100899],rm_test_7_alt[100882],Grappling_Hook + bunny_hopping,
rm_test_7_alt[100899],rm_test_7_alt[100883],Grappling_Hook + precise_grapple + bunny_hopping,
rm_test_7_alt[100882],rm_test_7_alt[100883],Grappling_Hook + precise_grapple,
rm_test_7_alt[100883],rm_test_7_alt[100882],,
rm_test_7_alt[100883],rm_test_7_alt_2[100914],,
rm_test_7_alt_2[100914],rm_test_7_alt_2[100915],Grappling_Hook + precise_grapple,
rm_test_7_alt_2[100915],rm_test_7_alt_2[100914],,
rm_test_7_alt_2[100915],rm_mount_shortcut[101511],,
rm_mount_shortcut[101511],rm_mount_shortcut[101512],,
rm_mount_shortcut[101511],Flatlands Flag,,
rm_mount_shortcut[101512],rm_mount_shortcut[101511],,
rm_mount_shortcut[101512],Flatlands Flag,,
rm_test_7[100446],rm_test_7[100445],precise_movement,
rm_test_8[100456],rm_test_8[100457],Grappling_Hook,
rm_test_8[100457],rm_test_8[100456],Grappling_Hook,
rm_test_8[100457],rm_test_void_0[102962],,
rm_test_void_0[102962],rm_test_void_0[102971],,
rm_test_void_0[102971],rm_test_void_0[102962],,
rm_test_void_0[102971],rm_test_void_1[102983],,
rm_test_void_1[102983],rm_test_void_1[102984],,
rm_test_void_1[102984],rm_test_void_1[102983],,
rm_test_void_1[102984],rm_test_void_2[103005],,
rm_test_void_2[103005],rm_test_void_2[102995],hard_combat | Grappling_Hook,
rm_test_void_2[102995],rm_test_void_2[103005],hard_combat | Grappling_Hook,
rm_test_void_2[102995],rm_test_before_boss[100466],,
rm_test_before_boss[100466],rm_test_before_boss[100467],,
rm_test_before_boss[100466],rm_test_before_boss[100469],Grappling_Hook,
rm_test_before_boss[100467],rm_test_before_boss[100466],,
rm_test_before_boss[100467],rm_test_before_boss[100469],Grappling_Hook,
rm_test_before_boss[100469],rm_test_before_boss[100466],,
rm_test_before_boss[100469],rm_test_before_boss[100467],,
rm_test_before_boss[100469],rm_test_before_boss_alt[102849],,
rm_test_before_boss[100467],rm_test_boss[101012],,
rm_test_before_boss_alt[102849],Flatlands HP UP (Top Right),,
rm_test_before_boss_alt[102851],rm_test_before_boss_alt[102849],,
rm_test_before_boss_alt[102851],Flatlands HP UP (Top Right),,
rm_test_boss[101012],rm_test_boss[101013],,
rm_test_boss[101012],Flatlands Titania Piece,,
rm_test_boss[101013],rm_test_boss[101012],,
rm_test_boss[101013],Flatlands Titania Piece,,